Player,Position,GameWeek,Points
Jaxon Smith-Njigba,WR,1,14.9
Jaxon Smith-Njigba,WR,2,14.3
Jaxon Smith-Njigba,WR,3,18.1
Jaxon Smith-Njigba,WR,4,11
Jaxon Smith-Njigba,WR,5,23.2
Jaxon Smith-Njigba,WR,6,26.2
Jaxon Smith-Njigba,WR,7,22.3
Jaxon Smith-Njigba,WR,8,
Jaxon Smith-Njigba,WR,9,18
Jaxon Smith-Njigba,WR,10,17.8
Jaxon Smith-Njigba,WR,11,16.1
Jaxon Smith-Njigba,WR,12,33.1
Jaxon Smith-Njigba,WR,13,3.3
Jaxon Smith-Njigba,WR,14,24.6
Jaxon Smith-Njigba,WR,15,14.8
Jaxon Smith-Njigba,WR,16,19.6
Jaxon Smith-Njigba,WR,17,11.7
George Pickens,WR,1,4.5
George Pickens,WR,2,15.3
George Pickens,WR,3,15.3
George Pickens,WR,4,29.4
George Pickens,WR,5,12.7
George Pickens,WR,6,27.3
George Pickens,WR,7,10.2
George Pickens,WR,8,11.3
George Pickens,WR,9,10.9
George Pickens,WR,10,
George Pickens,WR,11,24.9
George Pickens,WR,12,25.1
George Pickens,WR,13,13.8
George Pickens,WR,14,6.2
George Pickens,WR,15,4.8
George Pickens,WR,16,22.5
George Pickens,WR,17,9.8
Amon-Ra St. Brown,WR,1,6.5
Amon-Ra St. Brown,WR,2,34.7
Amon-Ra St. Brown,WR,3,17.2
Amon-Ra St. Brown,WR,4,22.5
Amon-Ra St. Brown,WR,5,14
Amon-Ra St. Brown,WR,6,9.2
Amon-Ra St. Brown,WR,7,17.6
Amon-Ra St. Brown,WR,8,
Amon-Ra St. Brown,WR,9,14.2
Amon-Ra St. Brown,WR,10,14.3
Amon-Ra St. Brown,WR,11,5.2
Amon-Ra St. Brown,WR,12,25.4
Amon-Ra St. Brown,WR,13,0
Amon-Ra St. Brown,WR,14,12.2
Amon-Ra St. Brown,WR,15,34.9
Amon-Ra St. Brown,WR,16,7.4
Amon-Ra St. Brown,WR,17,10.8
Puka Nacua,WR,1,18.1
Puka Nacua,WR,2,23.6
Puka Nacua,WR,3,17.3
Puka Nacua,WR,4,29.5
Puka Nacua,WR,5,19.5
Puka Nacua,WR,6,3.8
Puka Nacua,WR,7,0
Puka Nacua,WR,8,
Puka Nacua,WR,9,19.3
Puka Nacua,WR,10,14.9
Puka Nacua,WR,11,10.8
Puka Nacua,WR,12,13.2
Puka Nacua,WR,13,10.2
Puka Nacua,WR,14,32.2
Puka Nacua,WR,15,23.4
Puka Nacua,WR,16,40.5
Puka Nacua,WR,17,13.2
Ja'Marr Chase,WR,1,3.6
Ja'Marr Chase,WR,2,29.5
Ja'Marr Chase,WR,3,6.4
Ja'Marr Chase,WR,4,4.8
Ja'Marr Chase,WR,5,26
Ja'Marr Chase,WR,6,20.1
Ja'Marr Chase,WR,7,30.1
Ja'Marr Chase,WR,8,15.1
Ja'Marr Chase,WR,9,14.1
Ja'Marr Chase,WR,10,
Ja'Marr Chase,WR,11,4.5
Ja'Marr Chase,WR,12,0
Ja'Marr Chase,WR,13,14.5
Ja'Marr Chase,WR,14,7.7
Ja'Marr Chase,WR,15,18.2
Ja'Marr Chase,WR,16,15.4
Ja'Marr Chase,WR,17,21.5
CeeDee Lamb,WR,1,14.5
CeeDee Lamb,WR,2,15.7
CeeDee Lamb,WR,3,0
CeeDee Lamb,WR,4,0
CeeDee Lamb,WR,5,0
CeeDee Lamb,WR,6,0
CeeDee Lamb,WR,7,19.5
CeeDee Lamb,WR,8,11.1
CeeDee Lamb,WR,9,12
CeeDee Lamb,WR,10,
CeeDee Lamb,WR,11,15.1
CeeDee Lamb,WR,12,9.5
CeeDee Lamb,WR,13,20.7
CeeDee Lamb,WR,14,15.1
CeeDee Lamb,WR,15,14.1
CeeDee Lamb,WR,16,8.1
CeeDee Lamb,WR,17,7.1
Davante Adams,WR,1,7.1
Davante Adams,WR,2,19.6
Davante Adams,WR,3,13.1
Davante Adams,WR,4,13.6
Davante Adams,WR,5,11.3
Davante Adams,WR,6,5.9
Davante Adams,WR,7,24
Davante Adams,WR,8,
Davante Adams,WR,9,20.5
Davante Adams,WR,10,16.7
Davante Adams,WR,11,6.6
Davante Adams,WR,12,20.7
Davante Adams,WR,13,19.8
Davante Adams,WR,14,4.9
Davante Adams,WR,15,9.1
Davante Adams,WR,16,0
Davante Adams,WR,17,0
Nico Collins,WR,1,4
Nico Collins,WR,2,12.7
Nico Collins,WR,3,18.4
Nico Collins,WR,4,9.9
Nico Collins,WR,5,14
Nico Collins,WR,6,
Nico Collins,WR,7,4.7
Nico Collins,WR,8,0
Nico Collins,WR,9,11
Nico Collins,WR,10,19.1
Nico Collins,WR,11,19.7
Nico Collins,WR,12,7
Nico Collins,WR,13,19
Nico Collins,WR,14,14.1
Nico Collins,WR,15,22
Nico Collins,WR,16,7.9
Nico Collins,WR,17,7.2
Emeka Egbuka,WR,1,21.6
Emeka Egbuka,WR,2,10.9
Emeka Egbuka,WR,3,11.5
Emeka Egbuka,WR,4,18.1
Emeka Egbuka,WR,5,27.8
Emeka Egbuka,WR,6,3.4
Emeka Egbuka,WR,7,7.8
Emeka Egbuka,WR,8,5
Emeka Egbuka,WR,9,
Emeka Egbuka,WR,10,20.5
Emeka Egbuka,WR,11,6.5
Emeka Egbuka,WR,12,4.7
Emeka Egbuka,WR,13,6.2
Emeka Egbuka,WR,14,2.5
Emeka Egbuka,WR,15,8.4
Emeka Egbuka,WR,16,4.5
Emeka Egbuka,WR,17,3.5
Michael Pittman Jr.,WR,1,17
Michael Pittman Jr.,WR,2,6
Michael Pittman Jr.,WR,3,16.3
Michael Pittman Jr.,WR,4,12.6
Michael Pittman Jr.,WR,5,12.4
Michael Pittman Jr.,WR,6,3
Michael Pittman Jr.,WR,7,17.3
Michael Pittman Jr.,WR,8,19.5
Michael Pittman Jr.,WR,9,16
Michael Pittman Jr.,WR,10,2.9
Michael Pittman Jr.,WR,11,
Michael Pittman Jr.,WR,12,11.2
Michael Pittman Jr.,WR,13,1.8
Michael Pittman Jr.,WR,14,12.4
Michael Pittman Jr.,WR,15,4.1
Michael Pittman Jr.,WR,16,5.2
Michael Pittman Jr.,WR,17,2.6
Jaylen Waddle,WR,1,5
Jaylen Waddle,WR,2,15.3
Jaylen Waddle,WR,3,12.4
Jaylen Waddle,WR,4,6.3
Jaylen Waddle,WR,5,20
Jaylen Waddle,WR,6,12.8
Jaylen Waddle,WR,7,2
Jaylen Waddle,WR,8,18.4
Jaylen Waddle,WR,9,11.2
Jaylen Waddle,WR,10,16.9
Jaylen Waddle,WR,11,6.7
Jaylen Waddle,WR,12,
Jaylen Waddle,WR,13,5.5
Jaylen Waddle,WR,14,15.6
Jaylen Waddle,WR,15,3.6
Jaylen Waddle,WR,16,9.7
Jaylen Waddle,WR,17,0.7
Chris Olave,WR,1,8.9
Chris Olave,WR,2,8.4
Chris Olave,WR,3,10.4
Chris Olave,WR,4,8.5
Chris Olave,WR,5,9.4
Chris Olave,WR,6,12.8
Chris Olave,WR,7,24.3
Chris Olave,WR,8,10
Chris Olave,WR,9,7.2
Chris Olave,WR,10,18.9
Chris Olave,WR,11,
Chris Olave,WR,12,11.5
Chris Olave,WR,13,12.7
Chris Olave,WR,14,4.5
Chris Olave,WR,15,17.5
Chris Olave,WR,16,31.8
Chris Olave,WR,17,21.9
Tetairoa McMillan,WR,1,9.3
Tetairoa McMillan,WR,2,13
Tetairoa McMillan,WR,3,6.3
Tetairoa McMillan,WR,4,8.2
Tetairoa McMillan,WR,5,10.3
Tetairoa McMillan,WR,6,16.4
Tetairoa McMillan,WR,7,4.8
Tetairoa McMillan,WR,8,13.4
Tetairoa McMillan,WR,9,6.6
Tetairoa McMillan,WR,10,8.5
Tetairoa McMillan,WR,11,29
Tetairoa McMillan,WR,12,10.5
Tetairoa McMillan,WR,13,10.8
Tetairoa McMillan,WR,14,
Tetairoa McMillan,WR,15,3.5
Tetairoa McMillan,WR,16,16.3
Tetairoa McMillan,WR,17,1
Drake London,WR,1,9.5
Drake London,WR,2,4.4
Drake London,WR,3,8
Drake London,WR,4,21
Drake London,WR,5,
Drake London,WR,6,26.8
Drake London,WR,7,6.2
Drake London,WR,8,0
Drake London,WR,9,34.3
Drake London,WR,10,21.4
Drake London,WR,11,15.4
Drake London,WR,12,0
Drake London,WR,13,0
Drake London,WR,14,0
Drake London,WR,15,0
Drake London,WR,16,4.2
Drake London,WR,17,0.9
A.J. Brown,WR,1,1.3
A.J. Brown,WR,2,5.2
A.J. Brown,WR,3,19.9
A.J. Brown,WR,4,1.7
A.J. Brown,WR,5,6.8
A.J. Brown,WR,6,11
A.J. Brown,WR,7,26.1
A.J. Brown,WR,8,0
A.J. Brown,WR,9,
A.J. Brown,WR,10,2.3
A.J. Brown,WR,11,8.4
A.J. Brown,WR,12,21
A.J. Brown,WR,13,30.2
A.J. Brown,WR,14,13
A.J. Brown,WR,15,11.1
A.J. Brown,WR,16,14
A.J. Brown,WR,17,9.3
Tee Higgins,WR,1,4.8
Tee Higgins,WR,2,13.1
Tee Higgins,WR,3,2
Tee Higgins,WR,4,4.7
Tee Higgins,WR,5,9.7
Tee Higgins,WR,6,8.7
Tee Higgins,WR,7,18.6
Tee Higgins,WR,8,10.9
Tee Higgins,WR,9,29.6
Tee Higgins,WR,10,
Tee Higgins,WR,11,13.8
Tee Higgins,WR,12,5.6
Tee Higgins,WR,13,0
Tee Higgins,WR,14,24.2
Tee Higgins,WR,15,0
Tee Higgins,WR,16,12.8
Tee Higgins,WR,17,7.9
Jameson Williams,WR,1,4.6
Jameson Williams,WR,2,17.8
Jameson Williams,WR,3,5.3
Jameson Williams,WR,4,4.7
Jameson Williams,WR,5,1.5
Jameson Williams,WR,6,15.6
Jameson Williams,WR,7,0
Jameson Williams,WR,8,
Jameson Williams,WR,9,14.6
Jameson Williams,WR,10,20.9
Jameson Williams,WR,11,17.7
Jameson Williams,WR,12,0
Jameson Williams,WR,13,23.4
Jameson Williams,WR,14,13.8
Jameson Williams,WR,15,22.9
Jameson Williams,WR,16,9.5
Jameson Williams,WR,17,4.7
D.K. Metcalf,WR,1,10.3
D.K. Metcalf,WR,2,9.5
D.K. Metcalf,WR,3,10.7
D.K. Metcalf,WR,4,21.1
D.K. Metcalf,WR,5,
D.K. Metcalf,WR,6,17.5
D.K. Metcalf,WR,7,6.5
D.K. Metcalf,WR,8,14
D.K. Metcalf,WR,9,1.6
D.K. Metcalf,WR,10,5
D.K. Metcalf,WR,11,7.4
D.K. Metcalf,WR,12,11.9
D.K. Metcalf,WR,13,4.7
D.K. Metcalf,WR,14,18.3
D.K. Metcalf,WR,15,13
D.K. Metcalf,WR,16,6.2
D.K. Metcalf,WR,17,0
Wan'Dale Robinson,WR,1,8.5
Wan'Dale Robinson,WR,2,24.2
Wan'Dale Robinson,WR,3,3.1
Wan'Dale Robinson,WR,4,2.9
Wan'Dale Robinson,WR,5,5.7
Wan'Dale Robinson,WR,6,17.4
Wan'Dale Robinson,WR,7,12.5
Wan'Dale Robinson,WR,8,6.3
Wan'Dale Robinson,WR,9,9.1
Wan'Dale Robinson,WR,10,9.2
Wan'Dale Robinson,WR,11,5.6
Wan'Dale Robinson,WR,12,26.1
Wan'Dale Robinson,WR,13,6.9
Wan'Dale Robinson,WR,14,
Wan'Dale Robinson,WR,15,13.9
Wan'Dale Robinson,WR,16,3.7
Wan'Dale Robinson,WR,17,16.8
Courtland Sutton,WR,1,15.1
Courtland Sutton,WR,2,1.1
Courtland Sutton,WR,3,20.8
Courtland Sutton,WR,4,16.6
Courtland Sutton,WR,5,13.9
Courtland Sutton,WR,6,2.2
Courtland Sutton,WR,7,13.7
Courtland Sutton,WR,8,8.7
Courtland Sutton,WR,9,9.5
Courtland Sutton,WR,10,3.9
Courtland Sutton,WR,11,7.9
Courtland Sutton,WR,12,
Courtland Sutton,WR,13,14.7
Courtland Sutton,WR,14,9.2
Courtland Sutton,WR,15,20.8
Courtland Sutton,WR,16,17.6
Courtland Sutton,WR,17,6
DeVonta Smith,WR,1,3.1
DeVonta Smith,WR,2,7.3
DeVonta Smith,WR,3,16
DeVonta Smith,WR,4,3.9
DeVonta Smith,WR,5,15.4
DeVonta Smith,WR,6,6.9
DeVonta Smith,WR,7,28.8
DeVonta Smith,WR,8,11.4
DeVonta Smith,WR,9,
DeVonta Smith,WR,10,14.9
DeVonta Smith,WR,11,1.3
DeVonta Smith,WR,12,11.9
DeVonta Smith,WR,13,7.3
DeVonta Smith,WR,14,5.7
DeVonta Smith,WR,15,6
DeVonta Smith,WR,16,13.2
DeVonta Smith,WR,17,3.5
Zay Flowers,WR,1,24.6
Zay Flowers,WR,2,11.4
Zay Flowers,WR,3,2.3
Zay Flowers,WR,4,10.9
Zay Flowers,WR,5,9.7
Zay Flowers,WR,6,5.6
Zay Flowers,WR,7,
Zay Flowers,WR,8,10.6
Zay Flowers,WR,9,8.9
Zay Flowers,WR,10,10.1
Zay Flowers,WR,11,9.8
Zay Flowers,WR,12,9.4
Zay Flowers,WR,13,-0.4
Zay Flowers,WR,14,16.6
Zay Flowers,WR,15,14.3
Zay Flowers,WR,16,17.7
Zay Flowers,WR,17,11
Ladd McConkey,WR,1,10.4
Ladd McConkey,WR,2,7.3
Ladd McConkey,WR,3,6.1
Ladd McConkey,WR,4,1.6
Ladd McConkey,WR,5,12.4
Ladd McConkey,WR,6,19.5
Ladd McConkey,WR,7,11.2
Ladd McConkey,WR,8,17.8
Ladd McConkey,WR,9,7.6
Ladd McConkey,WR,10,18.7
Ladd McConkey,WR,11,2.8
Ladd McConkey,WR,12,
Ladd McConkey,WR,13,11.9
Ladd McConkey,WR,14,1.7
Ladd McConkey,WR,15,3
Ladd McConkey,WR,16,12.3
Ladd McConkey,WR,17,3.6
Deebo Samuel,WR,1,19.1
Deebo Samuel,WR,2,13.9
Deebo Samuel,WR,3,3.9
Deebo Samuel,WR,4,17.1
Deebo Samuel,WR,5,19.6
Deebo Samuel,WR,6,3.4
Deebo Samuel,WR,7,0
Deebo Samuel,WR,8,2.7
Deebo Samuel,WR,9,6.9
Deebo Samuel,WR,10,10.9
Deebo Samuel,WR,11,17.2
Deebo Samuel,WR,12,
Deebo Samuel,WR,13,8.6
Deebo Samuel,WR,14,4.7
Deebo Samuel,WR,15,5.8
Deebo Samuel,WR,16,5
Deebo Samuel,WR,17,10.3
Justin Jefferson,WR,1,12.8
Justin Jefferson,WR,2,9.6
Justin Jefferson,WR,3,10
Justin Jefferson,WR,4,17.6
Justin Jefferson,WR,5,15.8
Justin Jefferson,WR,6,
Justin Jefferson,WR,7,10.4
Justin Jefferson,WR,8,10.9
Justin Jefferson,WR,9,13.7
Justin Jefferson,WR,10,5.7
Justin Jefferson,WR,11,8.6
Justin Jefferson,WR,12,6.8
Justin Jefferson,WR,13,1.4
Justin Jefferson,WR,14,2.1
Justin Jefferson,WR,15,3.2
Justin Jefferson,WR,16,11.5
Justin Jefferson,WR,17,5
Rome Odunze,WR,1,12.7
Rome Odunze,WR,2,28.3
Rome Odunze,WR,3,13.7
Rome Odunze,WR,4,14.9
Rome Odunze,WR,5,
Rome Odunze,WR,6,4.2
Rome Odunze,WR,7,4.1
Rome Odunze,WR,8,14.9
Rome Odunze,WR,9,0
Rome Odunze,WR,10,17.6
Rome Odunze,WR,11,5.1
Rome Odunze,WR,12,6.8
Rome Odunze,WR,13,1.8
Rome Odunze,WR,14,0
Rome Odunze,WR,15,0
Rome Odunze,WR,16,0
Rome Odunze,WR,17,0
Stefon Diggs,WR,1,8.7
Stefon Diggs,WR,2,5.2
Stefon Diggs,WR,3,3.8
Stefon Diggs,WR,4,13.1
Stefon Diggs,WR,5,19.6
Stefon Diggs,WR,6,4.3
Stefon Diggs,WR,7,10.4
Stefon Diggs,WR,8,8.9
Stefon Diggs,WR,9,11.3
Stefon Diggs,WR,10,13.1
Stefon Diggs,WR,11,15
Stefon Diggs,WR,12,3
Stefon Diggs,WR,13,4.1
Stefon Diggs,WR,14,
Stefon Diggs,WR,15,4.1
Stefon Diggs,WR,16,18.3
Stefon Diggs,WR,17,19.1
Keenan Allen,WR,1,16.3
Keenan Allen,WR,2,14.6
Keenan Allen,WR,3,16
Keenan Allen,WR,4,6.2
Keenan Allen,WR,5,8.3
Keenan Allen,WR,6,4.7
Keenan Allen,WR,7,23.4
Keenan Allen,WR,8,6.4
Keenan Allen,WR,9,5.1
Keenan Allen,WR,10,2.9
Keenan Allen,WR,11,7.3
Keenan Allen,WR,12,
Keenan Allen,WR,13,5
Keenan Allen,WR,14,3.7
Keenan Allen,WR,15,6.1
Keenan Allen,WR,16,6.9
Keenan Allen,WR,17,2.2
Michael Wilson,WR,1,1
Michael Wilson,WR,2,7.6
Michael Wilson,WR,3,1
Michael Wilson,WR,4,3
Michael Wilson,WR,5,2.6
Michael Wilson,WR,6,6.4
Michael Wilson,WR,7,5.5
Michael Wilson,WR,8,
Michael Wilson,WR,9,7.6
Michael Wilson,WR,10,5.4
Michael Wilson,WR,11,26
Michael Wilson,WR,12,16.8
Michael Wilson,WR,13,5.1
Michael Wilson,WR,14,31.7
Michael Wilson,WR,15,19.9
Michael Wilson,WR,16,12.2
Michael Wilson,WR,17,17.4
Quentin Johnston,WR,1,22.4
Quentin Johnston,WR,2,14.4
Quentin Johnston,WR,3,11.9
Quentin Johnston,WR,4,19.8
Quentin Johnston,WR,5,4.9
Quentin Johnston,WR,6,0
Quentin Johnston,WR,7,10
Quentin Johnston,WR,8,0
Quentin Johnston,WR,9,13.3
Quentin Johnston,WR,10,6.7
Quentin Johnston,WR,11,0
Quentin Johnston,WR,12,
Quentin Johnston,WR,13,9.8
Quentin Johnston,WR,14,1.8
Quentin Johnston,WR,15,0
Quentin Johnston,WR,16,18.4
Quentin Johnston,WR,17,12.3
Rashee Rice,WR,1,0
Rashee Rice,WR,2,0
Rashee Rice,WR,3,0
Rashee Rice,WR,4,0
Rashee Rice,WR,5,0
Rashee Rice,WR,6,0
Rashee Rice,WR,7,19.7
Rashee Rice,WR,8,21
Rashee Rice,WR,9,16.6
Rashee Rice,WR,10,
Rashee Rice,WR,11,6.8
Rashee Rice,WR,12,20.1
Rashee Rice,WR,13,25.4
Rashee Rice,WR,14,5.4
Rashee Rice,WR,15,8.6
Rashee Rice,WR,16,0
Rashee Rice,WR,17,0
Troy Franklin,WR,1,6.4
Troy Franklin,WR,2,20
Troy Franklin,WR,3,1.8
Troy Franklin,WR,4,7.5
Troy Franklin,WR,5,7
Troy Franklin,WR,6,1.6
Troy Franklin,WR,7,11.4
Troy Franklin,WR,8,23.9
Troy Franklin,WR,9,6.3
Troy Franklin,WR,10,12.5
Troy Franklin,WR,11,10.4
Troy Franklin,WR,12,
Troy Franklin,WR,13,3.1
Troy Franklin,WR,14,2.6
Troy Franklin,WR,15,17.8
Troy Franklin,WR,16,8.6
Troy Franklin,WR,17,3.7
Tre Tucker,WR,1,12.4
Tre Tucker,WR,2,3.4
Tre Tucker,WR,3,36.9
Tre Tucker,WR,4,3.2
Tre Tucker,WR,5,9.1
Tre Tucker,WR,6,9.5
Tre Tucker,WR,7,5.8
Tre Tucker,WR,8,
Tre Tucker,WR,9,5.3
Tre Tucker,WR,10,4.5
Tre Tucker,WR,11,12.7
Tre Tucker,WR,12,4.3
Tre Tucker,WR,13,3.5
Tre Tucker,WR,14,3.4
Tre Tucker,WR,15,0
Tre Tucker,WR,16,7.4
Tre Tucker,WR,17,7.4
Jakobi Meyers,WR,1,13.7
Jakobi Meyers,WR,2,9.8
Jakobi Meyers,WR,3,7.8
Jakobi Meyers,WR,4,5
Jakobi Meyers,WR,5,5.2
Jakobi Meyers,WR,6,5.9
Jakobi Meyers,WR,7,0
Jakobi Meyers,WR,8,
Jakobi Meyers,WR,9,4.3
Jakobi Meyers,WR,10,5.6
Jakobi Meyers,WR,11,8.9
Jakobi Meyers,WR,12,13
Jakobi Meyers,WR,13,18.3
Jakobi Meyers,WR,14,12.8
Jakobi Meyers,WR,15,9.6
Jakobi Meyers,WR,16,6.6
Jakobi Meyers,WR,17,4.9
Khalil Shakir,WR,1,9.4
Khalil Shakir,WR,2,1.7
Khalil Shakir,WR,3,12.5
Khalil Shakir,WR,4,15.4
Khalil Shakir,WR,5,8
Khalil Shakir,WR,6,4.8
Khalil Shakir,WR,7,
Khalil Shakir,WR,8,17.8
Khalil Shakir,WR,9,7.8
Khalil Shakir,WR,10,9.3
Khalil Shakir,WR,11,0.2
Khalil Shakir,WR,12,13
Khalil Shakir,WR,13,1
Khalil Shakir,WR,14,8.6
Khalil Shakir,WR,15,9
Khalil Shakir,WR,16,5.4
Khalil Shakir,WR,17,6.5
Romeo Doubs,WR,1,7.8
Romeo Doubs,WR,2,10.3
Romeo Doubs,WR,3,3.5
Romeo Doubs,WR,4,26.8
Romeo Doubs,WR,5,
Romeo Doubs,WR,6,8
Romeo Doubs,WR,7,10.2
Romeo Doubs,WR,8,7.9
Romeo Doubs,WR,9,12.6
Romeo Doubs,WR,10,1
Romeo Doubs,WR,11,7.3
Romeo Doubs,WR,12,3.3
Romeo Doubs,WR,13,10
Romeo Doubs,WR,14,0
Romeo Doubs,WR,15,4.6
Romeo Doubs,WR,16,16.9
Romeo Doubs,WR,17,7.7
Alec Pierce,WR,1,4.1
Alec Pierce,WR,2,8.8
Alec Pierce,WR,3,8.7
Alec Pierce,WR,4,0
Alec Pierce,WR,5,0
Alec Pierce,WR,6,5.8
Alec Pierce,WR,7,12.3
Alec Pierce,WR,8,7.9
Alec Pierce,WR,9,14.5
Alec Pierce,WR,10,16.4
Alec Pierce,WR,11,
Alec Pierce,WR,12,3.1
Alec Pierce,WR,13,25.8
Alec Pierce,WR,14,10.5
Alec Pierce,WR,15,2.1
Alec Pierce,WR,16,22.6
Alec Pierce,WR,17,0
Rashid Shaheed,WR,1,6.3
Rashid Shaheed,WR,2,13.2
Rashid Shaheed,WR,3,6.2
Rashid Shaheed,WR,4,7.2
Rashid Shaheed,WR,5,19.4
Rashid Shaheed,WR,6,4.8
Rashid Shaheed,WR,7,6
Rashid Shaheed,WR,8,
Rashid Shaheed,WR,9,9.3
Rashid Shaheed,WR,10,2.8
Rashid Shaheed,WR,11,3.9
Rashid Shaheed,WR,12,0.5
Rashid Shaheed,WR,13,2.1
Rashid Shaheed,WR,14,14.7
Rashid Shaheed,WR,15,9.6
Rashid Shaheed,WR,16,9.1
Rashid Shaheed,WR,17,1.3
Marvin Harrison Jr.,WR,1,15.6
Marvin Harrison Jr.,WR,2,3.7
Marvin Harrison Jr.,WR,3,5.9
Marvin Harrison Jr.,WR,4,15.6
Marvin Harrison Jr.,WR,5,11.8
Marvin Harrison Jr.,WR,6,4.2
Marvin Harrison Jr.,WR,7,6.8
Marvin Harrison Jr.,WR,8,
Marvin Harrison Jr.,WR,9,19.1
Marvin Harrison Jr.,WR,10,12.8
Marvin Harrison Jr.,WR,11,0
Marvin Harrison Jr.,WR,12,0
Marvin Harrison Jr.,WR,13,9.9
Marvin Harrison Jr.,WR,14,0
Marvin Harrison Jr.,WR,15,0
Marvin Harrison Jr.,WR,16,1.9
Marvin Harrison Jr.,WR,17,0
DJ Moore,WR,1,7.1
DJ Moore,WR,2,7.1
DJ Moore,WR,3,10.8
DJ Moore,WR,4,5.8
DJ Moore,WR,5,
DJ Moore,WR,6,6.7
DJ Moore,WR,7,6.7
DJ Moore,WR,8,9.6
DJ Moore,WR,9,20.98
DJ Moore,WR,10,0
DJ Moore,WR,11,2.6
DJ Moore,WR,12,20.9
DJ Moore,WR,13,3.7
DJ Moore,WR,14,0.1
DJ Moore,WR,15,20.9
DJ Moore,WR,16,19.4
DJ Moore,WR,17,1.2
Holllywood Brown,WR,1,14.9
Holllywood Brown,WR,2,5.5
Holllywood Brown,WR,3,6.2
Holllywood Brown,WR,4,11.3
Holllywood Brown,WR,5,6.8
Holllywood Brown,WR,6,18.5
Holllywood Brown,WR,7,8.4
Holllywood Brown,WR,8,0
Holllywood Brown,WR,9,8.3
Holllywood Brown,WR,10,
Holllywood Brown,WR,11,6
Holllywood Brown,WR,12,1.5
Holllywood Brown,WR,13,9
Holllywood Brown,WR,14,4
Holllywood Brown,WR,15,0
Holllywood Brown,WR,16,3.7
Holllywood Brown,WR,17,1.2
Kayshon Boutte,WR,1,13.3
Kayshon Boutte,WR,2,8.1
Kayshon Boutte,WR,3,3.8
Kayshon Boutte,WR,4,2.3
Kayshon Boutte,WR,5,5.8
Kayshon Boutte,WR,6,23.8
Kayshon Boutte,WR,7,12.5
Kayshon Boutte,WR,8,15
Kayshon Boutte,WR,9,0
Kayshon Boutte,WR,10,0
Kayshon Boutte,WR,11,0
Kayshon Boutte,WR,12,2.5
Kayshon Boutte,WR,13,11.5
Kayshon Boutte,WR,14,
Kayshon Boutte,WR,15,3.5
Kayshon Boutte,WR,16,2.1
Kayshon Boutte,WR,17,0
Jauan Jennings,WR,1,2.6
Jauan Jennings,WR,2,17.4
Jauan Jennings,WR,3,0
Jauan Jennings,WR,4,5.4
Jauan Jennings,WR,5,0
Jauan Jennings,WR,6,1.2
Jauan Jennings,WR,7,5.1
Jauan Jennings,WR,8,6.5
Jauan Jennings,WR,9,12.1
Jauan Jennings,WR,10,14.1
Jauan Jennings,WR,11,7.4
Jauan Jennings,WR,12,12.6
Jauan Jennings,WR,13,11
Jauan Jennings,WR,14,
Jauan Jennings,WR,15,17.2
Jauan Jennings,WR,16,15.6
Jauan Jennings,WR,17,11.2
Parker Washington,WR,1,0
Parker Washington,WR,2,1.1
Parker Washington,WR,3,5.4
Parker Washington,WR,4,5.9
Parker Washington,WR,5,8.6
Parker Washington,WR,6,3.9
Parker Washington,WR,7,8.2
Parker Washington,WR,8,
Parker Washington,WR,9,13
Parker Washington,WR,10,16.4
Parker Washington,WR,11,3
Parker Washington,WR,12,15.6
Parker Washington,WR,13,3.1
Parker Washington,WR,14,0
Parker Washington,WR,15,6.8
Parker Washington,WR,16,23.5
Parker Washington,WR,17,15
Jordan Addison,WR,1,0
Jordan Addison,WR,2,0
Jordan Addison,WR,3,0
Jordan Addison,WR,4,13.4
Jordan Addison,WR,5,12.6
Jordan Addison,WR,6,
Jordan Addison,WR,7,17.3
Jordan Addison,WR,8,10.1
Jordan Addison,WR,9,7.4
Jordan Addison,WR,10,5
Jordan Addison,WR,11,9
Jordan Addison,WR,12,0
Jordan Addison,WR,13,6.1
Jordan Addison,WR,14,8.2
Jordan Addison,WR,15,7.6
Jordan Addison,WR,16,3.6
Jordan Addison,WR,17,12.5
Christian Watson,WR,1,0
Christian Watson,WR,2,0
Christian Watson,WR,3,0
Christian Watson,WR,4,0
Christian Watson,WR,5,
Christian Watson,WR,6,0
Christian Watson,WR,7,0
Christian Watson,WR,8,10.5
Christian Watson,WR,9,6.8
Christian Watson,WR,10,5.5
Christian Watson,WR,11,18.6
Christian Watson,WR,12,7.4
Christian Watson,WR,13,16.3
Christian Watson,WR,14,22.9
Christian Watson,WR,15,4.4
Christian Watson,WR,16,2.7
Christian Watson,WR,17,19.8
Brian Thomas Jr.,WR,1,8.5
Brian Thomas Jr.,WR,2,6.9
Brian Thomas Jr.,WR,3,6.5
Brian Thomas Jr.,WR,4,8.1
Brian Thomas Jr.,WR,5,10
Brian Thomas Jr.,WR,6,19
Brian Thomas Jr.,WR,7,4.6
Brian Thomas Jr.,WR,8,
Brian Thomas Jr.,WR,9,7
Brian Thomas Jr.,WR,10,0
Brian Thomas Jr.,WR,11,0
Brian Thomas Jr.,WR,12,0
Brian Thomas Jr.,WR,13,3.8
Brian Thomas Jr.,WR,14,10.2
Brian Thomas Jr.,WR,15,15.1
Brian Thomas Jr.,WR,16,2.8
Brian Thomas Jr.,WR,17,5.9
Garret Wilson,WR,1,19
Garret Wilson,WR,2,7
Garret Wilson,WR,3,19.4
Garret Wilson,WR,4,17.2
Garret Wilson,WR,5,16.1
Garret Wilson,WR,6,2.8
Garret Wilson,WR,7,0
Garret Wilson,WR,8,0
Garret Wilson,WR,9,
Garret Wilson,WR,10,0
Garret Wilson,WR,11,0
Garret Wilson,WR,12,0
Garret Wilson,WR,13,0
Garret Wilson,WR,14,0
Garret Wilson,WR,15,0
Garret Wilson,WR,16,0
Garret Wilson,WR,17,0
Jayden Higgins,WR,1,4.2
Jayden Higgins,WR,2,3.3
Jayden Higgins,WR,3,1
Jayden Higgins,WR,4,8.9
Jayden Higgins,WR,5,5.2
Jayden Higgins,WR,6,
Jayden Higgins,WR,7,0
Jayden Higgins,WR,8,11.4
Jayden Higgins,WR,9,0.9
Jayden Higgins,WR,10,12.7
Jayden Higgins,WR,11,7.5
Jayden Higgins,WR,12,11.8
Jayden Higgins,WR,13,9
Jayden Higgins,WR,14,4.9
Jayden Higgins,WR,15,0.9
Jayden Higgins,WR,16,2.2
Jayden Higgins,WR,17,15.8
Xavier Worthy,WR,1,0
Xavier Worthy,WR,2,0
Xavier Worthy,WR,3,0
Xavier Worthy,WR,4,14.6
Xavier Worthy,WR,5,8.1
Xavier Worthy,WR,6,9.6
Xavier Worthy,WR,7,6.3
Xavier Worthy,WR,8,7.8
Xavier Worthy,WR,9,4.5
Xavier Worthy,WR,10,
Xavier Worthy,WR,11,4
Xavier Worthy,WR,12,7.9
Xavier Worthy,WR,13,9.4
Xavier Worthy,WR,14,7
Xavier Worthy,WR,15,4.5
Xavier Worthy,WR,16,5.1
Xavier Worthy,WR,17,0.1
Josh Downs,WR,1,2.2
Josh Downs,WR,2,8.1
Josh Downs,WR,3,4.4
Josh Downs,WR,4,4.4
Josh Downs,WR,5,8.4
Josh Downs,WR,6,13.2
Josh Downs,WR,7,0
Josh Downs,WR,8,11.4
Josh Downs,WR,9,12.7
Josh Downs,WR,10,0.8
Josh Downs,WR,11,
Josh Downs,WR,12,2
Josh Downs,WR,13,5.4
Josh Downs,WR,14,4.3
Josh Downs,WR,15,8.8
Josh Downs,WR,16,9.3
Josh Downs,WR,17,4.4
Luther Burden III,WR,1,0.2
Luther Burden III,WR,2,1
Luther Burden III,WR,3,18.3
Luther Burden III,WR,4,0.6
Luther Burden III,WR,5,
Luther Burden III,WR,6,7.1
Luther Burden III,WR,7,2.6
Luther Burden III,WR,8,0.4
Luther Burden III,WR,9,0
Luther Burden III,WR,10,6.6
Luther Burden III,WR,11,4.2
Luther Burden III,WR,12,7.6
Luther Burden III,WR,13,5.6
Luther Burden III,WR,14,9
Luther Burden III,WR,15,11.4
Luther Burden III,WR,16,0
Luther Burden III,WR,17,23.8
Jonathan Taylor,RB,1,11.3
Jonathan Taylor,RB,2,28.5
Jonathan Taylor,RB,3,31.3
Jonathan Taylor,RB,4,12.1
Jonathan Taylor,RB,5,30.1
Jonathan Taylor,RB,6,21.7
Jonathan Taylor,RB,7,32.7
Jonathan Taylor,RB,8,36.4
Jonathan Taylor,RB,9,6.7
Jonathan Taylor,RB,10,48.1
Jonathan Taylor,RB,11,
Jonathan Taylor,RB,12,7.6
Jonathan Taylor,RB,13,13.6
Jonathan Taylor,RB,14,11.4
Jonathan Taylor,RB,15,11.6
Jonathan Taylor,RB,16,15.4
Jonathan Taylor,RB,17,15.9
Christian McCaffrey,RB,1,18.7
Christian McCaffrey,RB,2,19.7
Christian McCaffrey,RB,3,19
Christian McCaffrey,RB,4,23.1
Christian McCaffrey,RB,5,23.9
Christian McCaffrey,RB,6,20.6
Christian McCaffrey,RB,7,35.6
Christian McCaffrey,RB,8,8.3
Christian McCaffrey,RB,9,31.8
Christian McCaffrey,RB,10,13.6
Christian McCaffrey,RB,11,32.6
Christian McCaffrey,RB,12,23.7
Christian McCaffrey,RB,13,15.4
Christian McCaffrey,RB,14,
Christian McCaffrey,RB,15,15.2
Christian McCaffrey,RB,16,29.6
Christian McCaffrey,RB,17,26.1
Jahmyr Gibbs,RB,1,10
Jahmyr Gibbs,RB,2,17.9
Jahmyr Gibbs,RB,3,24.4
Jahmyr Gibbs,RB,4,16.7
Jahmyr Gibbs,RB,5,15.7
Jahmyr Gibbs,RB,6,7
Jahmyr Gibbs,RB,7,35.3
Jahmyr Gibbs,RB,8,
Jahmyr Gibbs,RB,9,4.3
Jahmyr Gibbs,RB,10,26.7
Jahmyr Gibbs,RB,11,17.1
Jahmyr Gibbs,RB,12,49.9
Jahmyr Gibbs,RB,13,10.1
Jahmyr Gibbs,RB,14,33.5
Jahmyr Gibbs,RB,15,7.8
Jahmyr Gibbs,RB,16,17.8
Jahmyr Gibbs,RB,17,5.4
Bijan Robinson,RB,1,21.4
Bijan Robinson,RB,2,18.3
Bijan Robinson,RB,3,13.6
Bijan Robinson,RB,4,26.1
Bijan Robinson,RB,5,
Bijan Robinson,RB,6,32.8
Bijan Robinson,RB,7,18.2
Bijan Robinson,RB,8,4.3
Bijan Robinson,RB,9,13.6
Bijan Robinson,RB,10,9.8
Bijan Robinson,RB,11,28.3
Bijan Robinson,RB,12,13.7
Bijan Robinson,RB,13,27.8
Bijan Robinson,RB,14,8.4
Bijan Robinson,RB,15,25.5
Bijan Robinson,RB,16,26.3
Bijan Robinson,RB,17,37.4
De'Von Achane,RB,1,15
De'Von Achane,RB,2,22.2
De'Von Achane,RB,3,12.6
De'Von Achane,RB,4,16.6
De'Von Achane,RB,5,13.6
De'Von Achane,RB,6,29
De'Von Achane,RB,7,11.3
De'Von Achane,RB,8,17.6
De'Von Achane,RB,9,13.6
De'Von Achane,RB,10,27.5
De'Von Achane,RB,11,19
De'Von Achane,RB,12,
De'Von Achane,RB,13,19.4
De'Von Achane,RB,14,17
De'Von Achane,RB,15,15.7
De'Von Achane,RB,16,16.5
De'Von Achane,RB,17,12.7
James Cook III,RB,1,18.7
James Cook III,RB,2,26
James Cook III,RB,3,19.3
James Cook III,RB,4,21
James Cook III,RB,5,4.9
James Cook III,RB,6,8.7
James Cook III,RB,7,
James Cook III,RB,8,33.6
James Cook III,RB,9,13
James Cook III,RB,10,8.2
James Cook III,RB,11,18.9
James Cook III,RB,12,20.4
James Cook III,RB,13,17.2
James Cook III,RB,14,10.1
James Cook III,RB,15,30.1
James Cook III,RB,16,15.9
James Cook III,RB,17,8.2
Javonte Williams,RB,1,19.4
Javonte Williams,RB,2,22
Javonte Williams,RB,3,9.7
Javonte Williams,RB,4,17.5
Javonte Williams,RB,5,26.4
Javonte Williams,RB,6,5.9
Javonte Williams,RB,7,18.3
Javonte Williams,RB,8,17.4
Javonte Williams,RB,9,6.8
Javonte Williams,RB,10,
Javonte Williams,RB,11,9.8
Javonte Williams,RB,12,11.1
Javonte Williams,RB,13,15.5
Javonte Williams,RB,14,13.7
Javonte Williams,RB,15,15.1
Javonte Williams,RB,16,5.3
Javonte Williams,RB,17,11.4
Josh Jacobs,RB,1,13.5
Josh Jacobs,RB,2,14.4
Josh Jacobs,RB,3,9.9
Josh Jacobs,RB,4,29.7
Josh Jacobs,RB,5,
Josh Jacobs,RB,6,29.5
Josh Jacobs,RB,7,18.3
Josh Jacobs,RB,8,12
Josh Jacobs,RB,9,18
Josh Jacobs,RB,10,17.2
Josh Jacobs,RB,11,4
Josh Jacobs,RB,12,0
Josh Jacobs,RB,13,9.6
Josh Jacobs,RB,14,16.2
Josh Jacobs,RB,15,22.2
Josh Jacobs,RB,16,3.8
Josh Jacobs,RB,17,0.8
Kyren Williams,RB,1,13.4
Kyren Williams,RB,2,9
Kyren Williams,RB,3,18.2
Kyren Williams,RB,4,8.9
Kyren Williams,RB,5,27.1
Kyren Williams,RB,6,15.7
Kyren Williams,RB,7,7.5
Kyren Williams,RB,8,
Kyren Williams,RB,9,17.4
Kyren Williams,RB,10,21.4
Kyren Williams,RB,11,16.1
Kyren Williams,RB,12,5.3
Kyren Williams,RB,13,13.2
Kyren Williams,RB,14,16.7
Kyren Williams,RB,15,21.3
Kyren Williams,RB,16,10
Kyren Williams,RB,17,14.5
Derrick Henry,RB,1,28.7
Derrick Henry,RB,2,2.3
Derrick Henry,RB,3,10.2
Derrick Henry,RB,4,6.8
Derrick Henry,RB,5,9.3
Derrick Henry,RB,6,13.5
Derrick Henry,RB,7,
Derrick Henry,RB,8,19.1
Derrick Henry,RB,9,12.6
Derrick Henry,RB,10,9.9
Derrick Henry,RB,11,19.2
Derrick Henry,RB,12,21.8
Derrick Henry,RB,13,16.9
Derrick Henry,RB,14,10.7
Derrick Henry,RB,15,10
Derrick Henry,RB,16,22.8
Derrick Henry,RB,17,45.6
Travis Etienne Jr.,RB,1,17.1
Travis Etienne Jr.,RB,2,15.9
Travis Etienne Jr.,RB,3,11.6
Travis Etienne Jr.,RB,4,19
Travis Etienne Jr.,RB,5,7.3
Travis Etienne Jr.,RB,6,7.5
Travis Etienne Jr.,RB,7,6
Travis Etienne Jr.,RB,8,
Travis Etienne Jr.,RB,9,14
Travis Etienne Jr.,RB,10,14.7
Travis Etienne Jr.,RB,11,19.3
Travis Etienne Jr.,RB,12,19.1
Travis Etienne Jr.,RB,13,4.6
Travis Etienne Jr.,RB,14,20.7
Travis Etienne Jr.,RB,15,30
Travis Etienne Jr.,RB,16,14.6
Travis Etienne Jr.,RB,17,10.2
Saquon Barkley,RB,1,16.4
Saquon Barkley,RB,2,16.4
Saquon Barkley,RB,3,7.5
Saquon Barkley,RB,4,15.4
Saquon Barkley,RB,5,16.3
Saquon Barkley,RB,6,7.7
Saquon Barkley,RB,7,4.7
Saquon Barkley,RB,8,31.4
Saquon Barkley,RB,9,
Saquon Barkley,RB,10,11.6
Saquon Barkley,RB,11,9.5
Saquon Barkley,RB,12,8.9
Saquon Barkley,RB,13,5.6
Saquon Barkley,RB,14,18.2
Saquon Barkley,RB,15,16.2
Saquon Barkley,RB,16,21.2
Saquon Barkley,RB,17,6.8
Rico Dowdle,RB,1,2.6
Rico Dowdle,RB,2,2.4
Rico Dowdle,RB,3,10.3
Rico Dowdle,RB,4,3.5
Rico Dowdle,RB,5,30.9
Rico Dowdle,RB,6,21.9
Rico Dowdle,RB,7,10.1
Rico Dowdle,RB,8,5.4
Rico Dowdle,RB,9,17.1
Rico Dowdle,RB,10,13.8
Rico Dowdle,RB,11,12.5
Rico Dowdle,RB,12,9.4
Rico Dowdle,RB,13,8.9
Rico Dowdle,RB,14,
Rico Dowdle,RB,15,11.9
Rico Dowdle,RB,16,6.3
Rico Dowdle,RB,17,7.8
Ashton Jeanty,RB,1,11
Ashton Jeanty,RB,2,5.9
Ashton Jeanty,RB,3,6.3
Ashton Jeanty,RB,4,32.5
Ashton Jeanty,RB,5,13.4
Ashton Jeanty,RB,6,15.6
Ashton Jeanty,RB,7,3.9
Ashton Jeanty,RB,8,
Ashton Jeanty,RB,9,17.4
Ashton Jeanty,RB,10,13.8
Ashton Jeanty,RB,11,6.4
Ashton Jeanty,RB,12,20.8
Ashton Jeanty,RB,13,9.1
Ashton Jeanty,RB,14,4.8
Ashton Jeanty,RB,15,6.2
Ashton Jeanty,RB,16,31.3
Ashton Jeanty,RB,17,8.3
Chase Brown,RB,1,12.1
Chase Brown,RB,2,7.5
Chase Brown,RB,3,4
Chase Brown,RB,4,8.6
Chase Brown,RB,5,8.3
Chase Brown,RB,6,7.9
Chase Brown,RB,7,11
Chase Brown,RB,8,24
Chase Brown,RB,9,15.2
Chase Brown,RB,10,
Chase Brown,RB,11,15.7
Chase Brown,RB,12,14
Chase Brown,RB,13,14.8
Chase Brown,RB,14,17
Chase Brown,RB,15,12.5
Chase Brown,RB,16,30.9
Chase Brown,RB,17,27.6
Breece Hall,RB,1,15.5
Breece Hall,RB,2,4.8
Breece Hall,RB,3,7.2
Breece Hall,RB,4,13.6
Breece Hall,RB,5,15.5
Breece Hall,RB,6,5.9
Breece Hall,RB,7,6.2
Breece Hall,RB,8,31.86
Breece Hall,RB,9,
Breece Hall,RB,10,19
Breece Hall,RB,11,7.4
Breece Hall,RB,12,11.9
Breece Hall,RB,13,14.6
Breece Hall,RB,14,4.3
Breece Hall,RB,15,4.7
Breece Hall,RB,16,7.3
Breece Hall,RB,17,19.9
D'Andre Swift,RB,1,8
D'Andre Swift,RB,2,12.4
D'Andre Swift,RB,3,9.3
D'Andre Swift,RB,4,14
D'Andre Swift,RB,5,
D'Andre Swift,RB,6,24.5
D'Andre Swift,RB,7,20.3
D'Andre Swift,RB,8,14.1
D'Andre Swift,RB,9,0
D'Andre Swift,RB,10,12.3
D'Andre Swift,RB,11,9
D'Andre Swift,RB,12,1.4
D'Andre Swift,RB,13,20.3
D'Andre Swift,RB,14,9.7
D'Andre Swift,RB,15,22.1
D'Andre Swift,RB,16,8
D'Andre Swift,RB,17,20.9
Quinshon Judkins,RB,1,0
Quinshon Judkins,RB,2,8.6
Quinshon Judkins,RB,3,16
Quinshon Judkins,RB,4,19.5
Quinshon Judkins,RB,5,13.3
Quinshon Judkins,RB,6,3.6
Quinshon Judkins,RB,7,26.4
Quinshon Judkins,RB,8,3.2
Quinshon Judkins,RB,9,
Quinshon Judkins,RB,10,9.5
Quinshon Judkins,RB,11,5.9
Quinshon Judkins,RB,12,16.7
Quinshon Judkins,RB,13,14.4
Quinshon Judkins,RB,14,8.9
Quinshon Judkins,RB,15,3.2
Quinshon Judkins,RB,16,7.6
Quinshon Judkins,RB,17,0
Jaylen Warren,RB,1,12.9
Jaylen Warren,RB,2,15.4
Jaylen Warren,RB,3,10.6
Jaylen Warren,RB,4,0
Jaylen Warren,RB,5,
Jaylen Warren,RB,6,7.3
Jaylen Warren,RB,7,17.8
Jaylen Warren,RB,8,8.3
Jaylen Warren,RB,9,15.9
Jaylen Warren,RB,10,10.1
Jaylen Warren,RB,11,7.7
Jaylen Warren,RB,12,12.8
Jaylen Warren,RB,13,11.4
Jaylen Warren,RB,14,13.7
Jaylen Warren,RB,15,6.3
Jaylen Warren,RB,16,28.1
Jaylen Warren,RB,17,6.4
David Montgomery,RB,1,6.3
David Montgomery,RB,2,12.6
David Montgomery,RB,3,28.9
David Montgomery,RB,4,1.2
David Montgomery,RB,5,17.72
David Montgomery,RB,6,7.1
David Montgomery,RB,7,4.9
David Montgomery,RB,8,
David Montgomery,RB,9,10
David Montgomery,RB,10,9.6
David Montgomery,RB,11,4.2
David Montgomery,RB,12,5.2
David Montgomery,RB,13,11.8
David Montgomery,RB,14,13.8
David Montgomery,RB,15,9.2
David Montgomery,RB,16,1.4
David Montgomery,RB,17,5
RJ Harvey,RB,1,7.4
RJ Harvey,RB,2,2.9
RJ Harvey,RB,3,3.1
RJ Harvey,RB,4,17.8
RJ Harvey,RB,5,4.5
RJ Harvey,RB,6,4.5
RJ Harvey,RB,7,6.7
RJ Harvey,RB,8,23.6
RJ Harvey,RB,9,14.1
RJ Harvey,RB,10,2.8
RJ Harvey,RB,11,6.5
RJ Harvey,RB,12,
RJ Harvey,RB,13,19.7
RJ Harvey,RB,14,19
RJ Harvey,RB,15,10.5
RJ Harvey,RB,16,20.1
RJ Harvey,RB,17,16.1
TreVeyon Henderson,RB,1,8.1
TreVeyon Henderson,RB,2,5
TreVeyon Henderson,RB,3,6.2
TreVeyon Henderson,RB,4,11.6
TreVeyon Henderson,RB,5,3.7
TreVeyon Henderson,RB,6,4.1
TreVeyon Henderson,RB,7,0.5
TreVeyon Henderson,RB,8,5.5
TreVeyon Henderson,RB,9,10.7
TreVeyon Henderson,RB,10,27.5
TreVeyon Henderson,RB,11,29.8
TreVeyon Henderson,RB,12,9.6
TreVeyon Henderson,RB,13,10.1
TreVeyon Henderson,RB,14,
TreVeyon Henderson,RB,15,29.1
TreVeyon Henderson,RB,16,1.7
TreVeyon Henderson,RB,17,8.2
Kenneth Walker III,RB,1,3.9
Kenneth Walker III,RB,2,18.3
Kenneth Walker III,RB,3,17.5
Kenneth Walker III,RB,4,11.5
Kenneth Walker III,RB,5,9.1
Kenneth Walker III,RB,6,4.2
Kenneth Walker III,RB,7,6.6
Kenneth Walker III,RB,8,
Kenneth Walker III,RB,9,7.1
Kenneth Walker III,RB,10,7.5
Kenneth Walker III,RB,11,18.6
Kenneth Walker III,RB,12,11.6
Kenneth Walker III,RB,13,8.9
Kenneth Walker III,RB,14,3.3
Kenneth Walker III,RB,15,2.4
Kenneth Walker III,RB,16,23.9
Kenneth Walker III,RB,17,6.7
Kareem Hunt,RB,1,3.6
Kareem Hunt,RB,2,3.9
Kareem Hunt,RB,3,10.9
Kareem Hunt,RB,4,5.2
Kareem Hunt,RB,5,18.2
Kareem Hunt,RB,6,3.9
Kareem Hunt,RB,7,1.8
Kareem Hunt,RB,8,16.7
Kareem Hunt,RB,9,12
Kareem Hunt,RB,10,
Kareem Hunt,RB,11,12.7
Kareem Hunt,RB,12,18.5
Kareem Hunt,RB,13,8.5
Kareem Hunt,RB,14,9
Kareem Hunt,RB,15,2.5
Kareem Hunt,RB,16,0.2
Kareem Hunt,RB,17,3.8
Kenneth Gainwell,RB,1,3.8
Kenneth Gainwell,RB,2,5.1
Kenneth Gainwell,RB,3,9.1
Kenneth Gainwell,RB,4,28.4
Kenneth Gainwell,RB,5,
Kenneth Gainwell,RB,6,6.6
Kenneth Gainwell,RB,7,2.5
Kenneth Gainwell,RB,8,2.6
Kenneth Gainwell,RB,9,5.4
Kenneth Gainwell,RB,10,1.4
Kenneth Gainwell,RB,11,26
Kenneth Gainwell,RB,12,15.2
Kenneth Gainwell,RB,13,5.5
Kenneth Gainwell,RB,14,13.2
Kenneth Gainwell,RB,15,16.1
Kenneth Gainwell,RB,16,21.3
Kenneth Gainwell,RB,17,5.3
Tony Pollard,RB,1,7.4
Tony Pollard,RB,2,9.2
Tony Pollard,RB,3,12.9
Tony Pollard,RB,4,9.1
Tony Pollard,RB,5,13.3
Tony Pollard,RB,6,5.7
Tony Pollard,RB,7,9.1
Tony Pollard,RB,8,5.8
Tony Pollard,RB,9,7.3
Tony Pollard,RB,10,
Tony Pollard,RB,11,4.1
Tony Pollard,RB,12,6.1
Tony Pollard,RB,13,4.8
Tony Pollard,RB,14,28.1
Tony Pollard,RB,15,17.7
Tony Pollard,RB,16,10.2
Tony Pollard,RB,17,10.85
Cam Skattebo,RB,1,1.9
Cam Skattebo,RB,2,12.9
Cam Skattebo,RB,3,21.1
Cam Skattebo,RB,4,12
Cam Skattebo,RB,5,11.4
Cam Skattebo,RB,6,30
Cam Skattebo,RB,7,16.9
Cam Skattebo,RB,8,9.5
Cam Skattebo,RB,9,0
Cam Skattebo,RB,10,0
Cam Skattebo,RB,11,0
Cam Skattebo,RB,12,0
Cam Skattebo,RB,13,0
Cam Skattebo,RB,14,
Cam Skattebo,RB,15,0
Cam Skattebo,RB,16,0
Cam Skattebo,RB,17,0
Woody Marks,RB,1,0.3
Woody Marks,RB,2,5.6
Woody Marks,RB,3,4.1
Woody Marks,RB,4,25.9
Woody Marks,RB,5,2.4
Woody Marks,RB,6,
Woody Marks,RB,7,11
Woody Marks,RB,8,13.1
Woody Marks,RB,9,2.7
Woody Marks,RB,10,15.1
Woody Marks,RB,11,5.6
Woody Marks,RB,12,7.4
Woody Marks,RB,13,7.2
Woody Marks,RB,14,14.6
Woody Marks,RB,15,10.3
Woody Marks,RB,16,0
Woody Marks,RB,17,8
Kyle Monangai,RB,1,1.6
Kyle Monangai,RB,2,4.1
Kyle Monangai,RB,3,2.5
Kyle Monangai,RB,4,1.8
Kyle Monangai,RB,5,
Kyle Monangai,RB,6,4.9
Kyle Monangai,RB,7,16.4
Kyle Monangai,RB,8,2.4
Kyle Monangai,RB,9,21.3
Kyle Monangai,RB,10,8.8
Kyle Monangai,RB,11,10.2
Kyle Monangai,RB,12,10.8
Kyle Monangai,RB,13,19
Kyle Monangai,RB,14,8.2
Kyle Monangai,RB,15,3.3
Kyle Monangai,RB,16,10.8
Kyle Monangai,RB,17,6.2
Zach Charbonnet,RB,1,10.7
Zach Charbonnet,RB,2,1
Zach Charbonnet,RB,3,0
Zach Charbonnet,RB,4,11.4
Zach Charbonnet,RB,5,11.3
Zach Charbonnet,RB,6,4.2
Zach Charbonnet,RB,7,18.5
Zach Charbonnet,RB,8,
Zach Charbonnet,RB,9,5.1
Zach Charbonnet,RB,10,14.3
Zach Charbonnet,RB,11,5.7
Zach Charbonnet,RB,12,9.5
Zach Charbonnet,RB,13,11.2
Zach Charbonnet,RB,14,7.6
Zach Charbonnet,RB,15,3.1
Zach Charbonnet,RB,16,15.4
Zach Charbonnet,RB,17,25.2
J.K  Dobbins,RB,1,13.8
J.K  Dobbins,RB,2,15
J.K  Dobbins,RB,3,14.8
J.K  Dobbins,RB,4,11
J.K  Dobbins,RB,5,14.9
J.K  Dobbins,RB,6,4
J.K  Dobbins,RB,7,8.5
J.K  Dobbins,RB,8,13.1
J.K  Dobbins,RB,9,6.4
J.K  Dobbins,RB,10,8.9
J.K  Dobbins,RB,11,0
J.K  Dobbins,RB,12,
J.K  Dobbins,RB,13,0
J.K  Dobbins,RB,14,0
J.K  Dobbins,RB,15,0
J.K  Dobbins,RB,16,0
J.K  Dobbins,RB,17,0
Rachaad White,RB,1,2.1
Rachaad White,RB,2,13.6
Rachaad White,RB,3,1.9
Rachaad White,RB,4,6.6
Rachaad White,RB,5,21.1
Rachaad White,RB,6,16.1
Rachaad White,RB,7,6.4
Rachaad White,RB,8,7.1
Rachaad White,RB,9,
Rachaad White,RB,10,7.9
Rachaad White,RB,11,7.2
Rachaad White,RB,12,4.7
Rachaad White,RB,13,4.4
Rachaad White,RB,14,6
Rachaad White,RB,15,3.1
Rachaad White,RB,16,7
Rachaad White,RB,17,2.7
Jordan Mason,RB,1,8
Jordan Mason,RB,2,4.8
Jordan Mason,RB,3,23.6
Jordan Mason,RB,4,8.7
Jordan Mason,RB,5,11.1
Jordan Mason,RB,6,
Jordan Mason,RB,7,11.7
Jordan Mason,RB,8,1.1
Jordan Mason,RB,9,4.2
Jordan Mason,RB,10,3.6
Jordan Mason,RB,11,10.5
Jordan Mason,RB,12,4.2
Jordan Mason,RB,13,5.3
Jordan Mason,RB,14,11.2
Jordan Mason,RB,15,2.9
Jordan Mason,RB,16,1.6
Jordan Mason,RB,17,0
Tyler Allgeier,RB,1,2.4
Tyler Allgeier,RB,2,14.5
Tyler Allgeier,RB,3,0.9
Tyler Allgeier,RB,4,11.1
Tyler Allgeier,RB,5,
Tyler Allgeier,RB,6,10.3
Tyler Allgeier,RB,7,1.6
Tyler Allgeier,RB,8,8.4
Tyler Allgeier,RB,9,0.6
Tyler Allgeier,RB,10,17.7
Tyler Allgeier,RB,11,8.6
Tyler Allgeier,RB,12,5.4
Tyler Allgeier,RB,13,12.5
Tyler Allgeier,RB,14,7.7
Tyler Allgeier,RB,15,1.8
Tyler Allgeier,RB,16,7.8
Tyler Allgeier,RB,17,2.3
Kimani Vidal,RB,1,0
Kimani Vidal,RB,2,0
Kimani Vidal,RB,3,0
Kimani Vidal,RB,4,0
Kimani Vidal,RB,5,2.4
Kimani Vidal,RB,6,21.3
Kimani Vidal,RB,7,5.5
Kimani Vidal,RB,8,19.2
Kimani Vidal,RB,9,3
Kimani Vidal,RB,10,17.3
Kimani Vidal,RB,11,2.2
Kimani Vidal,RB,12,
Kimani Vidal,RB,13,20.2
Kimani Vidal,RB,14,10.9
Kimani Vidal,RB,15,5.3
Kimani Vidal,RB,16,1.1
Kimani Vidal,RB,17,0
Bucky Irving,RB,1,12.5
Bucky Irving,RB,2,15.1
Bucky Irving,RB,3,11.9
Bucky Irving,RB,4,23
Bucky Irving,RB,5,0
Bucky Irving,RB,6,0
Bucky Irving,RB,7,0
Bucky Irving,RB,8,0
Bucky Irving,RB,9,
Bucky Irving,RB,10,0
Bucky Irving,RB,11,0
Bucky Irving,RB,12,0
Bucky Irving,RB,13,15.1
Bucky Irving,RB,14,15.1
Bucky Irving,RB,15,7.6
Bucky Irving,RB,16,7.1
Bucky Irving,RB,17,5.8
Chuba Hubbard,RB,1,16.4
Chuba Hubbard,RB,2,16.2
Chuba Hubbard,RB,3,8.6
Chuba Hubbard,RB,4,8.4
Chuba Hubbard,RB,5,0
Chuba Hubbard,RB,6,0
Chuba Hubbard,RB,7,6.5
Chuba Hubbard,RB,8,9.4
Chuba Hubbard,RB,9,1.7
Chuba Hubbard,RB,10,2
Chuba Hubbard,RB,11,3.3
Chuba Hubbard,RB,12,6.3
Chuba Hubbard,RB,13,19.4
Chuba Hubbard,RB,14,
Chuba Hubbard,RB,15,4.3
Chuba Hubbard,RB,16,3.9
Chuba Hubbard,RB,17,1.3
Jacory Croskey-Merrit,RB,1,14.2
Jacory Croskey-Merrit,RB,2,1.7
Jacory Croskey-Merrit,RB,3,9.6
Jacory Croskey-Merrit,RB,4,6.7
Jacory Croskey-Merrit,RB,5,26
Jacory Croskey-Merrit,RB,6,5.3
Jacory Croskey-Merrit,RB,7,3.7
Jacory Croskey-Merrit,RB,8,2.5
Jacory Croskey-Merrit,RB,9,4.6
Jacory Croskey-Merrit,RB,10,3
Jacory Croskey-Merrit,RB,11,3.8
Jacory Croskey-Merrit,RB,12,
Jacory Croskey-Merrit,RB,13,2
Jacory Croskey-Merrit,RB,14,3.2
Jacory Croskey-Merrit,RB,15,15.6
Jacory Croskey-Merrit,RB,16,8.5
Jacory Croskey-Merrit,RB,17,22.5
Alvin Kamara,RB,1,12.7
Alvin Kamara,RB,2,13
Alvin Kamara,RB,3,6.1
Alvin Kamara,RB,4,9.2
Alvin Kamara,RB,5,7.5
Alvin Kamara,RB,6,19.1
Alvin Kamara,RB,7,4.4
Alvin Kamara,RB,8,5.5
Alvin Kamara,RB,9,0.2
Alvin Kamara,RB,10,13
Alvin Kamara,RB,11,2.5
Alvin Kamara,RB,12,0
Alvin Kamara,RB,13,0
Alvin Kamara,RB,14,0
Alvin Kamara,RB,15,0
Alvin Kamara,RB,16,0
Alvin Kamara,RB,17,0
Blake Corum,RB,1,2.1
Blake Corum,RB,2,10.4
Blake Corum,RB,3,5.3
Blake Corum,RB,4,2.6
Blake Corum,RB,5,1.3
Blake Corum,RB,6,2.3
Blake Corum,RB,7,4.8
Blake Corum,RB,8,
Blake Corum,RB,9,5.8
Blake Corum,RB,10,5.6
Blake Corum,RB,11,1
Blake Corum,RB,12,2.4
Blake Corum,RB,13,14.1
Blake Corum,RB,14,25.6
Blake Corum,RB,15,13.1
Blake Corum,RB,16,12.6
Blake Corum,RB,17,1.8
Bam Knight,RB,1,0
Bam Knight,RB,2,0
Bam Knight,RB,3,0
Bam Knight,RB,4,0
Bam Knight,RB,5,8.9
Bam Knight,RB,6,11.9
Bam Knight,RB,7,7.9
Bam Knight,RB,8,
Bam Knight,RB,9,5.7
Bam Knight,RB,10,3.8
Bam Knight,RB,11,12.5
Bam Knight,RB,12,11.2
Bam Knight,RB,13,15.3
Bam Knight,RB,14,4.9
Bam Knight,RB,15,-0.2
Bam Knight,RB,16,0
Bam Knight,RB,17,0
Tyrone Tracy Jr.,RB,1,4.5
Tyrone Tracy Jr.,RB,2,7.1
Tyrone Tracy Jr.,RB,3,4.6
Tyrone Tracy Jr.,RB,4,0
Tyrone Tracy Jr.,RB,5,0
Tyrone Tracy Jr.,RB,6,0.6
Tyrone Tracy Jr.,RB,7,10.6
Tyrone Tracy Jr.,RB,8,6.3
Tyrone Tracy Jr.,RB,9,5.2
Tyrone Tracy Jr.,RB,10,7.6
Tyrone Tracy Jr.,RB,11,15.9
Tyrone Tracy Jr.,RB,12,14.5
Tyrone Tracy Jr.,RB,13,3.8
Tyrone Tracy Jr.,RB,14,
Tyrone Tracy Jr.,RB,15,23.2
Tyrone Tracy Jr.,RB,16,8.8
Tyrone Tracy Jr.,RB,17,6.2
Omarion Hampton,RB,1,7.1
Omarion Hampton,RB,2,3
Omarion Hampton,RB,3,21.9
Omarion Hampton,RB,4,25
Omarion Hampton,RB,5,10
Omarion Hampton,RB,6,0
Omarion Hampton,RB,7,0
Omarion Hampton,RB,8,0
Omarion Hampton,RB,9,0
Omarion Hampton,RB,10,0
Omarion Hampton,RB,11,0
Omarion Hampton,RB,12,
Omarion Hampton,RB,13,0
Omarion Hampton,RB,14,13.7
Omarion Hampton,RB,15,7
Omarion Hampton,RB,16,16
Omarion Hampton,RB,17,16
Sean Tucker,RB,1,0.2
Sean Tucker,RB,2,0
Sean Tucker,RB,3,0
Sean Tucker,RB,4,0
Sean Tucker,RB,5,1.4
Sean Tucker,RB,6,8.5
Sean Tucker,RB,7,1.1
Sean Tucker,RB,8,10.2
Sean Tucker,RB,9,
Sean Tucker,RB,10,5.6
Sean Tucker,RB,11,33
Sean Tucker,RB,12,5.1
Sean Tucker,RB,13,0
Sean Tucker,RB,14,8.9
Sean Tucker,RB,15,6.7
Sean Tucker,RB,16,6.3
Sean Tucker,RB,17,0.8
Rhamondre Stevenson,RB,1,3.7
Rhamondre Stevenson,RB,2,18.7
Rhamondre Stevenson,RB,3,3.1
Rhamondre Stevenson,RB,4,4.6
Rhamondre Stevenson,RB,5,13.7
Rhamondre Stevenson,RB,6,1.8
Rhamondre Stevenson,RB,7,15.8
Rhamondre Stevenson,RB,8,5.4
Rhamondre Stevenson,RB,9,0
Rhamondre Stevenson,RB,10,0
Rhamondre Stevenson,RB,11,0
Rhamondre Stevenson,RB,12,1.5
Rhamondre Stevenson,RB,13,9.5
Rhamondre Stevenson,RB,14,
Rhamondre Stevenson,RB,15,9.2
Rhamondre Stevenson,RB,16,16.8
Rhamondre Stevenson,RB,17,24.7
Nick Chubb,RB,1,6
Nick Chubb,RB,2,14.2
Nick Chubb,RB,3,5.5
Nick Chubb,RB,4,7.2
Nick Chubb,RB,5,12.1
Nick Chubb,RB,6,
Nick Chubb,RB,7,1.6
Nick Chubb,RB,8,7.9
Nick Chubb,RB,9,3.4
Nick Chubb,RB,10,5.7
Nick Chubb,RB,11,1.7
Nick Chubb,RB,12,2
Nick Chubb,RB,13,9.4
Nick Chubb,RB,14,0.3
Nick Chubb,RB,15,0
Nick Chubb,RB,16,4.7
Nick Chubb,RB,17,0.1
Aaron Jones Sr.,RB,1,14.2
Aaron Jones Sr.,RB,2,2.3
Aaron Jones Sr.,RB,3,0
Aaron Jones Sr.,RB,4,0
Aaron Jones Sr.,RB,5,0
Aaron Jones Sr.,RB,6,
Aaron Jones Sr.,RB,7,0
Aaron Jones Sr.,RB,8,4
Aaron Jones Sr.,RB,9,10.8
Aaron Jones Sr.,RB,10,14.4
Aaron Jones Sr.,RB,11,9.6
Aaron Jones Sr.,RB,12,7.2
Aaron Jones Sr.,RB,13,2.5
Aaron Jones Sr.,RB,14,7.6
Aaron Jones Sr.,RB,15,8
Aaron Jones Sr.,RB,16,10.3
Aaron Jones Sr.,RB,17,13.8
Emanuel Wilson,RB,1,0.4
Emanuel Wilson,RB,2,0
Emanuel Wilson,RB,3,2.5
Emanuel Wilson,RB,4,9.6
Emanuel Wilson,RB,5,
Emanuel Wilson,RB,6,1.2
Emanuel Wilson,RB,7,2
Emanuel Wilson,RB,8,10.2
Emanuel Wilson,RB,9,2.2
Emanuel Wilson,RB,10,0.9
Emanuel Wilson,RB,11,13.4
Emanuel Wilson,RB,12,25.5
Emanuel Wilson,RB,13,1.4
Emanuel Wilson,RB,14,1
Emanuel Wilson,RB,15,0.3
Emanuel Wilson,RB,16,8.2
Emanuel Wilson,RB,17,2.9
Devin Singletary,RB,1,0.9
Devin Singletary,RB,2,0.5
Devin Singletary,RB,3,1.1
Devin Singletary,RB,4,2.8
Devin Singletary,RB,5,2.9
Devin Singletary,RB,6,1
Devin Singletary,RB,7,0.2
Devin Singletary,RB,8,3.3
Devin Singletary,RB,9,6.1
Devin Singletary,RB,10,8.8
Devin Singletary,RB,11,17.2
Devin Singletary,RB,12,4.7
Devin Singletary,RB,13,17.7
Devin Singletary,RB,14,
Devin Singletary,RB,15,1.9
Devin Singletary,RB,16,5.1
Devin Singletary,RB,17,15
Bhayshul Tuten,RB,1,1.1
Bhayshul Tuten,RB,2,14.4
Bhayshul Tuten,RB,3,8.1
Bhayshul Tuten,RB,4,2.7
Bhayshul Tuten,RB,5,1.6
Bhayshul Tuten,RB,6,3.8
Bhayshul Tuten,RB,7,2.2
Bhayshul Tuten,RB,8,
Bhayshul Tuten,RB,9,9.1
Bhayshul Tuten,RB,10,1.5
Bhayshul Tuten,RB,11,13.4
Bhayshul Tuten,RB,12,1.7
Bhayshul Tuten,RB,13,8.4
Bhayshul Tuten,RB,14,-1.5
Bhayshul Tuten,RB,15,8.8
Bhayshul Tuten,RB,16,0
Bhayshul Tuten,RB,17,0
Chris Rodrigez Jr.,RB,1,0
Chris Rodrigez Jr.,RB,2,0
Chris Rodrigez Jr.,RB,3,3.9
Chris Rodrigez Jr.,RB,4,5.9
Chris Rodrigez Jr.,RB,5,0.7
Chris Rodrigez Jr.,RB,6,0
Chris Rodrigez Jr.,RB,7,7.2
Chris Rodrigez Jr.,RB,8,0.2
Chris Rodrigez Jr.,RB,9,12.5
Chris Rodrigez Jr.,RB,10,7.6
Chris Rodrigez Jr.,RB,11,9
Chris Rodrigez Jr.,RB,12,
Chris Rodrigez Jr.,RB,13,10.1
Chris Rodrigez Jr.,RB,14,5.2
Chris Rodrigez Jr.,RB,15,0
Chris Rodrigez Jr.,RB,16,13.4
Chris Rodrigez Jr.,RB,17,0
Tyjae Spears,RB,1,0
Tyjae Spears,RB,2,0
Tyjae Spears,RB,3,0
Tyjae Spears,RB,4,0
Tyjae Spears,RB,5,1.4
Tyjae Spears,RB,6,7
Tyjae Spears,RB,7,5.5
Tyjae Spears,RB,8,15.7
Tyjae Spears,RB,9,7.7
Tyjae Spears,RB,10,
Tyjae Spears,RB,11,5.9
Tyjae Spears,RB,12,4.5
Tyjae Spears,RB,13,5.4
Tyjae Spears,RB,14,5.7
Tyjae Spears,RB,15,4.6
Tyjae Spears,RB,16,19
Tyjae Spears,RB,17,0.6
Ty Johnson,RB,1,2.4
Ty Johnson,RB,2,0.6
Ty Johnson,RB,3,2.6
Ty Johnson,RB,4,0
Ty Johnson,RB,5,1
Ty Johnson,RB,6,2.1
Ty Johnson,RB,7,
Ty Johnson,RB,8,0.6
Ty Johnson,RB,9,9
Ty Johnson,RB,10,3.6
Ty Johnson,RB,11,14
Ty Johnson,RB,12,6.7
Ty Johnson,RB,13,4
Ty Johnson,RB,14,4.9
Ty Johnson,RB,15,4.3
Ty Johnson,RB,16,7.6
Ty Johnson,RB,17,6.3
Trey McBride,TE,1,9.1
Trey McBride,TE,2,10.8
Trey McBride,TE,3,12.8
Trey McBride,TE,4,8.7
Trey McBride,TE,5,6.6
Trey McBride,TE,6,17.2
Trey McBride,TE,7,24.4
Trey McBride,TE,8,
Trey McBride,TE,9,14
Trey McBride,TE,10,23.2
Trey McBride,TE,11,22.5
Trey McBride,TE,12,12.4
Trey McBride,TE,13,18.2
Trey McBride,TE,14,8.3
Trey McBride,TE,15,31.4
Trey McBride,TE,16,4.7
Trey McBride,TE,17,18.6
Kyle Pitts Sr.,TE,1,9.4
Kyle Pitts Sr.,TE,2,5.7
Kyle Pitts Sr.,TE,3,5.9
Kyle Pitts Sr.,TE,4,15.5
Kyle Pitts Sr.,TE,5,
Kyle Pitts Sr.,TE,6,3.3
Kyle Pitts Sr.,TE,7,9.7
Kyle Pitts Sr.,TE,8,10.4
Kyle Pitts Sr.,TE,9,5.8
Kyle Pitts Sr.,TE,10,4.8
Kyle Pitts Sr.,TE,11,2.4
Kyle Pitts Sr.,TE,12,3.5
Kyle Pitts Sr.,TE,13,11.7
Kyle Pitts Sr.,TE,14,12
Kyle Pitts Sr.,TE,15,40.1
Kyle Pitts Sr.,TE,16,15.2
Kyle Pitts Sr.,TE,17,2.6
Travis Kelce,TE,1,11.7
Travis Kelce,TE,2,8.1
Travis Kelce,TE,3,4.6
Travis Kelce,TE,4,7.3
Travis Kelce,TE,5,15.6
Travis Kelce,TE,6,10.8
Travis Kelce,TE,7,6.9
Travis Kelce,TE,8,18.9
Travis Kelce,TE,9,10.6
Travis Kelce,TE,10,
Travis Kelce,TE,11,19.6
Travis Kelce,TE,12,6.4
Travis Kelce,TE,13,13
Travis Kelce,TE,14,1.3
Travis Kelce,TE,15,10.5
Travis Kelce,TE,16,1.1
Travis Kelce,TE,17,6.1
Dallas Goedert,TE,1,7.9
Dallas Goedert,TE,2,0
Dallas Goedert,TE,3,9.8
Dallas Goedert,TE,4,17.7
Dallas Goedert,TE,5,9.4
Dallas Goedert,TE,6,21.5
Dallas Goedert,TE,7,3.3
Dallas Goedert,TE,8,16.3
Dallas Goedert,TE,9,
Dallas Goedert,TE,10,6.3
Dallas Goedert,TE,11,3.4
Dallas Goedert,TE,12,3
Dallas Goedert,TE,13,3.7
Dallas Goedert,TE,14,11.8
Dallas Goedert,TE,15,22
Dallas Goedert,TE,16,10.7
Dallas Goedert,TE,17,8.3
Tyler Warren,TE,1,11.4
Tyler Warren,TE,2,9.9
Tyler Warren,TE,3,5.3
Tyler Warren,TE,4,15.8
Tyler Warren,TE,5,12.4
Tyler Warren,TE,6,15.3
Tyler Warren,TE,7,14.9
Tyler Warren,TE,8,7.3
Tyler Warren,TE,9,5.1
Tyler Warren,TE,10,13.9
Tyler Warren,TE,11,
Tyler Warren,TE,12,7
Tyler Warren,TE,13,9.7
Tyler Warren,TE,14,2.7
Tyler Warren,TE,15,3.4
Tyler Warren,TE,16,4.5
Tyler Warren,TE,17,6.8
Harold Fannin Jr.,TE,1,10.1
Harold Fannin Jr.,TE,2,7.3
Harold Fannin Jr.,TE,3,4
Harold Fannin Jr.,TE,4,3.5
Harold Fannin Jr.,TE,5,9.3
Harold Fannin Jr.,TE,6,11.6
Harold Fannin Jr.,TE,7,5.6
Harold Fannin Jr.,TE,8,15.4
Harold Fannin Jr.,TE,9,
Harold Fannin Jr.,TE,10,6.4
Harold Fannin Jr.,TE,11,3.6
Harold Fannin Jr.,TE,12,6.4
Harold Fannin Jr.,TE,13,9.8
Harold Fannin Jr.,TE,14,21.4
Harold Fannin Jr.,TE,15,8.5
Harold Fannin Jr.,TE,16,17.5
Harold Fannin Jr.,TE,17,10
Hunter Henry,TE,1,8.6
Hunter Henry,TE,2,1.4
Hunter Henry,TE,3,25
Hunter Henry,TE,4,10.9
Hunter Henry,TE,5,5.6
Hunter Henry,TE,6,4.2
Hunter Henry,TE,7,5.3
Hunter Henry,TE,8,7.2
Hunter Henry,TE,9,7.1
Hunter Henry,TE,10,1.4
Hunter Henry,TE,11,6.5
Hunter Henry,TE,12,21
Hunter Henry,TE,13,9.3
Hunter Henry,TE,14,
Hunter Henry,TE,15,2.3
Hunter Henry,TE,16,12.5
Hunter Henry,TE,17,12.4
Jake Ferguson,TE,1,4.8
Jake Ferguson,TE,2,12.3
Jake Ferguson,TE,3,14.7
Jake Ferguson,TE,4,13.5
Jake Ferguson,TE,5,20.4
Jake Ferguson,TE,6,10.8
Jake Ferguson,TE,7,18.4
Jake Ferguson,TE,8,0
Jake Ferguson,TE,9,5.5
Jake Ferguson,TE,10,
Jake Ferguson,TE,11,9.6
Jake Ferguson,TE,12,8.6
Jake Ferguson,TE,13,6.1
Jake Ferguson,TE,14,8.3
Jake Ferguson,TE,15,2.6
Jake Ferguson,TE,16,3.4
Jake Ferguson,TE,17,7.1
Brock Bowers,TE,1,12.8
Brock Bowers,TE,2,6.3
Brock Bowers,TE,3,7.8
Brock Bowers,TE,4,7.1
Brock Bowers,TE,5,0
Brock Bowers,TE,6,0
Brock Bowers,TE,7,0
Brock Bowers,TE,8,
Brock Bowers,TE,9,37.3
Brock Bowers,TE,10,3.2
Brock Bowers,TE,11,10.7
Brock Bowers,TE,12,8.5
Brock Bowers,TE,13,20.3
Brock Bowers,TE,14,12.6
Brock Bowers,TE,15,5.8
Brock Bowers,TE,16,11.8
Brock Bowers,TE,17,0
Juwan Johnson,TE,1,11.6
Juwan Johnson,TE,2,13.4
Juwan Johnson,TE,3,8.1
Juwan Johnson,TE,4,4.3
Juwan Johnson,TE,5,2.7
Juwan Johnson,TE,6,0.5
Juwan Johnson,TE,7,10.4
Juwan Johnson,TE,8,7.8
Juwan Johnson,TE,9,10.6
Juwan Johnson,TE,10,17.2
Juwan Johnson,TE,11,
Juwan Johnson,TE,12,7.6
Juwan Johnson,TE,13,6.4
Juwan Johnson,TE,14,5.8
Juwan Johnson,TE,15,5
Juwan Johnson,TE,16,12.9
Juwan Johnson,TE,17,11.5
Dalton Shultz,TE,1,4.3
Dalton Shultz,TE,2,4.4
Dalton Shultz,TE,3,6.4
Dalton Shultz,TE,4,5.5
Dalton Shultz,TE,5,8.5
Dalton Shultz,TE,6,
Dalton Shultz,TE,7,14.3
Dalton Shultz,TE,8,3.4
Dalton Shultz,TE,9,10.7
Dalton Shultz,TE,10,14.8
Dalton Shultz,TE,11,8.1
Dalton Shultz,TE,12,1.3
Dalton Shultz,TE,13,9
Dalton Shultz,TE,14,3.7
Dalton Shultz,TE,15,17.6
Dalton Shultz,TE,16,12
Dalton Shultz,TE,17,3.4
Colston Loveland,TE,1,2.2
Colston Loveland,TE,2,0
Colston Loveland,TE,3,3.6
Colston Loveland,TE,4,0
Colston Loveland,TE,5,
Colston Loveland,TE,6,2.1
Colston Loveland,TE,7,3.9
Colston Loveland,TE,8,5.3
Colston Loveland,TE,9,26.8
Colston Loveland,TE,10,7.5
Colston Loveland,TE,11,5.5
Colston Loveland,TE,12,12.9
Colston Loveland,TE,13,4.3
Colston Loveland,TE,14,10.9
Colston Loveland,TE,15,8.1
Colston Loveland,TE,16,4.5
Colston Loveland,TE,17,18.4
George Kittle,TE,1,10.5
George Kittle,TE,2,0
George Kittle,TE,3,0
George Kittle,TE,4,0
George Kittle,TE,5,0
George Kittle,TE,6,0
George Kittle,TE,7,0
George Kittle,TE,8,12.3
George Kittle,TE,9,4.9
George Kittle,TE,10,18.9
George Kittle,TE,11,21.7
George Kittle,TE,12,10.8
George Kittle,TE,13,8.7
George Kittle,TE,14,
George Kittle,TE,15,18.8
George Kittle,TE,16,21
George Kittle,TE,17,0
AJ Barner,TE,1,0.7
AJ Barner,TE,2,9.8
AJ Barner,TE,3,2.8
AJ Barner,TE,4,10.7
AJ Barner,TE,5,20.8
AJ Barner,TE,6,8.6
AJ Barner,TE,7,1.4
AJ Barner,TE,8,
AJ Barner,TE,9,10
AJ Barner,TE,10,0.3
AJ Barner,TE,11,12.1
AJ Barner,TE,12,2.8
AJ Barner,TE,13,5.7
AJ Barner,TE,14,4.2
AJ Barner,TE,15,4.2
AJ Barner,TE,16,13
AJ Barner,TE,17,11.8
Colby Parkinson,TE,1,-1.6
Colby Parkinson,TE,2,0
Colby Parkinson,TE,3,0
Colby Parkinson,TE,4,2.7
Colby Parkinson,TE,5,0
Colby Parkinson,TE,6,0
Colby Parkinson,TE,7,6.2
Colby Parkinson,TE,8,
Colby Parkinson,TE,9,2
Colby Parkinson,TE,10,12.1
Colby Parkinson,TE,11,8.4
Colby Parkinson,TE,12,12.1
Colby Parkinson,TE,13,4.7
Colby Parkinson,TE,14,10.7
Colby Parkinson,TE,15,22
Colby Parkinson,TE,16,3.1
Colby Parkinson,TE,17,8.3
Mark Andrews,TE,1,1
Mark Andrews,TE,2,0.9
Mark Andrews,TE,3,24.1
Mark Andrews,TE,4,6.5
Mark Andrews,TE,5,3.2
Mark Andrews,TE,6,4.6
Mark Andrews,TE,7,
Mark Andrews,TE,8,4.9
Mark Andrews,TE,9,15.6
Mark Andrews,TE,10,8.9
Mark Andrews,TE,11,14.2
Mark Andrews,TE,12,1.6
Mark Andrews,TE,13,6.7
Mark Andrews,TE,14,1.4
Mark Andrews,TE,15,2.8
Mark Andrews,TE,16,3.4
Mark Andrews,TE,17,4.8
Oronde Gadsden,TE,1,0
Oronde Gadsden,TE,2,0
Oronde Gadsden,TE,3,7.1
Oronde Gadsden,TE,4,2.6
Oronde Gadsden,TE,5,1.9
Oronde Gadsden,TE,6,8.3
Oronde Gadsden,TE,7,25.9
Oronde Gadsden,TE,8,16.2
Oronde Gadsden,TE,9,9.3
Oronde Gadsden,TE,10,2.8
Oronde Gadsden,TE,11,5.1
Oronde Gadsden,TE,12,
Oronde Gadsden,TE,13,3.2
Oronde Gadsden,TE,14,1.2
Oronde Gadsden,TE,15,8.1
Oronde Gadsden,TE,16,1.2
Oronde Gadsden,TE,17,10.7
Dalton Kincaid,TE,1,12.8
Dalton Kincaid,TE,2,5.7
Dalton Kincaid,TE,3,15.1
Dalton Kincaid,TE,4,9.3
Dalton Kincaid,TE,5,13.8
Dalton Kincaid,TE,6,0
Dalton Kincaid,TE,7,
Dalton Kincaid,TE,8,2.8
Dalton Kincaid,TE,9,19.1
Dalton Kincaid,TE,10,4.7
Dalton Kincaid,TE,11,0
Dalton Kincaid,TE,12,0
Dalton Kincaid,TE,13,0
Dalton Kincaid,TE,14,12.1
Dalton Kincaid,TE,15,4.9
Dalton Kincaid,TE,16,0
Dalton Kincaid,TE,17,0
Theo Johnson,TE,1,1
Theo Johnson,TE,2,5.4
Theo Johnson,TE,3,1.5
Theo Johnson,TE,4,9.2
Theo Johnson,TE,5,18.3
Theo Johnson,TE,6,3.7
Theo Johnson,TE,7,14.1
Theo Johnson,TE,8,3.5
Theo Johnson,TE,9,10.2
Theo Johnson,TE,10,11
Theo Johnson,TE,11,5.1
Theo Johnson,TE,12,9.2
Theo Johnson,TE,13,4.4
Theo Johnson,TE,14,
Theo Johnson,TE,15,8.7
Theo Johnson,TE,16,0
Theo Johnson,TE,17,0
Zach Ertz,TE,1,10.1
Zach Ertz,TE,2,15.4
Zach Ertz,TE,3,5.3
Zach Ertz,TE,4,5.1
Zach Ertz,TE,5,0
Zach Ertz,TE,6,13.3
Zach Ertz,TE,7,11.2
Zach Ertz,TE,8,3.6
Zach Ertz,TE,9,6.6
Zach Ertz,TE,10,7.4
Zach Ertz,TE,11,6.2
Zach Ertz,TE,12,
Zach Ertz,TE,13,15.6
Zach Ertz,TE,14,1.6
Zach Ertz,TE,15,0
Zach Ertz,TE,16,0
Zach Ertz,TE,17,0
Tucker Kraft,TE,1,8.9
Tucker Kraft,TE,2,21.4
Tucker Kraft,TE,3,4.4
Tucker Kraft,TE,4,8.1
Tucker Kraft,TE,5,
Tucker Kraft,TE,6,11.3
Tucker Kraft,TE,7,14.3
Tucker Kraft,TE,8,29.8
Tucker Kraft,TE,9,3
Tucker Kraft,TE,10,0
Tucker Kraft,TE,11,0
Tucker Kraft,TE,12,0
Tucker Kraft,TE,13,0
Tucker Kraft,TE,14,0
Tucker Kraft,TE,15,0
Tucker Kraft,TE,16,0
Tucker Kraft,TE,17,0
Chig Okonkwo,TE,1,3.4
Chig Okonkwo,TE,2,5.5
Chig Okonkwo,TE,3,9.1
Chig Okonkwo,TE,4,0.9
Chig Okonkwo,TE,5,6.8
Chig Okonkwo,TE,6,7.6
Chig Okonkwo,TE,7,0
Chig Okonkwo,TE,8,7.3
Chig Okonkwo,TE,9,2
Chig Okonkwo,TE,10,
Chig Okonkwo,TE,11,7.1
Chig Okonkwo,TE,12,5.5
Chig Okonkwo,TE,13,4.9
Chig Okonkwo,TE,14,3
Chig Okonkwo,TE,15,5.3
Chig Okonkwo,TE,16,13.4
Chig Okonkwo,TE,17,13
Brenton Strange,TE,1,7.9
Brenton Strange,TE,2,3.2
Brenton Strange,TE,3,9.1
Brenton Strange,TE,4,7.5
Brenton Strange,TE,5,2.7
Brenton Strange,TE,6,0
Brenton Strange,TE,7,0
Brenton Strange,TE,8,
Brenton Strange,TE,9,0
Brenton Strange,TE,10,0
Brenton Strange,TE,11,0
Brenton Strange,TE,12,11.8
Brenton Strange,TE,13,12
Brenton Strange,TE,14,4.2
Brenton Strange,TE,15,3.1
Brenton Strange,TE,16,12.4
Brenton Strange,TE,17,6.9
Pat Freiermuth,TE,1,4.3
Pat Freiermuth,TE,2,4.6
Pat Freiermuth,TE,3,1.1
Pat Freiermuth,TE,4,0
Pat Freiermuth,TE,5,
Pat Freiermuth,TE,6,1.6
Pat Freiermuth,TE,7,25.6
Pat Freiermuth,TE,8,2.8
Pat Freiermuth,TE,9,10.2
Pat Freiermuth,TE,10,4.8
Pat Freiermuth,TE,11,2.4
Pat Freiermuth,TE,12,9.4
Pat Freiermuth,TE,13,0
Pat Freiermuth,TE,14,1.9
Pat Freiermuth,TE,15,6
Pat Freiermuth,TE,16,4
Pat Freiermuth,TE,17,7.8
Cade Otton,TE,1,0
Cade Otton,TE,2,4
Cade Otton,TE,3,0
Cade Otton,TE,4,2.4
Cade Otton,TE,5,10.1
Cade Otton,TE,6,7.6
Cade Otton,TE,7,10
Cade Otton,TE,8,6
Cade Otton,TE,9,
Cade Otton,TE,10,12.7
Cade Otton,TE,11,3.8
Cade Otton,TE,12,4.1
Cade Otton,TE,13,1.9
Cade Otton,TE,14,3.4
Cade Otton,TE,15,0
Cade Otton,TE,16,2.5
Cade Otton,TE,17,5.3